strategy,asset,is_sharpe,oos_sharpe,oos_cagr,oos_max_dd,asset_bh_oos_sharpe,dsr_is,oos_psr0,oos_dsr_top10,survives
HYG: (RSI3>40 AND (ret42>+2% OR (vol40/120<1.2 OR vol40/250<1.2))),HYG,1.5938,0.1487,0.0054,-0.1396,0.5412,0.0741,0.6784,0.3855,False
HYG: (((vol20/250<1.5 AND RSI3>40) OR RSI5<10) AND (vol10/250<1.5 OR SMA30>SMA150)),HYG,1.5925,0.2569,0.0108,-0.1002,0.5412,0.0749,0.7886,0.5183,False
HYG: (RSI3>40 AND ((z20>1.0 AND vol40/250<1.5) OR vol40/250<1.2)),HYG,1.5722,0.2195,0.0080,-0.0865,0.5412,0.0618,0.7535,0.4718,False
HYG: (((RSI3>40 AND vol40/250<1.5) OR z60<-2.0) AND vol40/60<1.0),HYG,1.5577,-0.2028,-0.0071,-0.1578,0.5412,0.0388,0.2639,0.0830,False
HYG: (RSI3>40 AND (vol40/250<1.5 OR z10>0.5)),HYG,1.5498,-0.0727,-0.0048,-0.1827,0.5412,0.0592,0.4104,0.1632,False
HYG: (RSI3>40 AND vol40/60<1.0),HYG,1.5007,-0.1686,-0.0062,-0.1454,0.5412,0.0293,0.3000,0.1007,False
HYG: (((vol20/250<1.5 AND RSI2>30) AND RSI5>40) AND RSI5<90),HYG,1.4904,0.0372,0.0007,-0.1057,0.5412,0.0352,0.5462,0.2614,False
HYG: ((RSI3>40 AND (vol40/120<1.2 OR z20>1.0)) AND NOT(vol10/60>1.2)),HYG,1.4741,0.0252,0.0002,-0.1306,0.5412,0.0310,0.5313,0.2496,False
HYG: ((vol40/250<1.2 AND SMA5>SMA200) AND (RSI2>30 OR RSI7<20)),HYG,1.4721,-0.0576,-0.0028,-0.1261,0.5412,0.0407,0.4289,0.1756,False
HYG: (((vol20/250<1.5 OR z10>0.5) AND RSI2>40) AND (vol40/120<1.2 OR z60<-2.0)),HYG,1.4693,0.0047,-0.0007,-0.1442,0.5412,0.0303,0.5059,0.2297,False
